name,fullname,rating,description,address,Website,Phone number,link
Group1 Toyota Wirral,Group1 Toyota Wirral,4.9 out of 5,"FCA Regulated and Approved, Finance Available, Home Delivery Available","Docks Link, , Wallasey, Merseyside, CH44 3EQ",www.group1auto.co.uk,(0151) 382 4783,https://www.autotrader.co.uk/dealers/group1-toyota-wirral-10044382?channel=cars
Williams Liverpool Mini,Williams Liverpool Mini,No recent reviews," Family Business for 110 years, 100% Approved Used Vehicles, Over 200 Approved Used MINIs","4 GREAT HOWARD STREET, , Liverpool, Mersyside, L3 7HT",www.williamsgroup.co.uk,(0151) 382 7853,https://www.autotrader.co.uk/dealers/williams-liverpool-mini-10003711?channel=cars
Williams Liverpool Bmw,Williams Liverpool Bmw,4.6 out of 5," Family Business for 110 years, 100% Approved Used Vehicles, Over 650 Approved Used BMWs","4 Great Howard Street, , Liverpool, Merseyside, L3 7HT",www.williamsgroup.co.uk,(0151) 382 7977,https://www.autotrader.co.uk/dealers/williams-liverpool-bmw-3896?channel=cars
The Van Place Ltd,The Van Place Ltd,4 out of 5,,"UNIT 1A SANDON INDUSTRIAL ESTATE, SANDON WAY, Liverpool, Lancashire, L5 9YN",www.thevanplace.com,(07441) 914750,https://www.autotrader.co.uk/dealers/the-van-place-ltd-10004792?channel=cars
Mercedes-Benz Of Liverpool,Mercedes-Benz Of Liverpool,4.7 out of 5,"Manufacturer Approved Dealer., Price checked to market, Aftersales facilities","66-68 Pall Mall, , Liverpool, Merseyside, L3 7DB",www.group1auto.co.uk,(0151) 382 7799,https://www.autotrader.co.uk/dealers/mercedes-benz-of-liverpool-27433?channel=cars
Smart Of Liverpool,Smart Of Liverpool,No recent reviews,,"66-68 Pall Mall, , Liverpool, Merseyside, L3 7DB",www.group1auto.co.uk,(0151) 382 8750,https://www.autotrader.co.uk/dealers/smart-of-liverpool-27515?channel=cars
Stoneacre Wallasey,Stoneacre Wallasey,1.5 out of 5,"We offer competitive valuation, Now available to all customers, A large panel of lenders ","Rowson Street, New Brighton, Wallasey, Merseyside, CH45 2NA",www.stoneacre.co.uk,(0151) 382 7597,https://www.autotrader.co.uk/dealers/stoneacre-wallasey-14266?channel=cars
Johnsons Skoda Liverpool,Johnsons Skoda Liverpool,4.9 out of 5,,"SANDHILLS LANE, , Liverpool, Lancashire, L5 9XN",www.johnsonscars.co.uk,(0151) 382 8177,https://www.autotrader.co.uk/dealers/johnsons-skoda-liverpool-10011029?channel=cars
Liverpool Audi,Liverpool Audi,4 out of 5,"Franchised Audi Dealer,  95% Of Customers Recommend Us, Exceptional Audi Aftercare","41 Sandhills Lane, , Liverpool, Merseyside, L5 9XN",www.stratstone.com,(0151) 382 8421,https://www.autotrader.co.uk/dealers/liverpool-audi-6840?channel=cars
Johnsons Seat Liverpool,Johnsons Seat Liverpool,4.8 out of 5,,"Pall Mall, , Liverpool, Merseyside, L3 6AL",www.johnsonscars.co.uk,(0151) 382 7754,https://www.autotrader.co.uk/dealers/johnsons-seat-liverpool-749157?channel=cars
Johnsons Volkswagen Liverpool,Johnsons Volkswagen Liverpool,4.5 out of 5,"Volkswagen Approved Used , Digital Appointments or Videos, Covid Safe Click & Collect","DERBY ROAD, , Liverpool, Lancashire, L20 1AB",www.johnsonscars.co.uk,(0151) 382 9794,https://www.autotrader.co.uk/dealers/johnsons-volkswagen-liverpool-10021695?channel=cars
Richard Harris Cars Limited,Richard Harris Cars Limited,5 out of 5,,"46 Bridge Street, , Birkenhead, Merseyside, CH41 1AT",www.richardharriscars.com,(07418) 690543,https://www.autotrader.co.uk/dealers/richard-harris-cars-limited-10031015?channel=cars
Vauxhall Liverpool,Vauxhall Liverpool,4.8 out of 5,"Click and Collect Available, Home Delivery Available","Derby Road, , Liverpool, Merseyside, L20 8LR",www.lookers.co.uk,(0151) 382 8370,https://www.autotrader.co.uk/dealers/vauxhall-liverpool-344170?channel=cars
Windsors Mazda,Windsors Mazda,5 out of 5," Continual Family Business.,  Established 1919., New & Approved Used Mazda","Harrison Drive, , Wallasey, Merseyside, CH45 3HP",www.windsors.uk.com,(0151) 382 0061,https://www.autotrader.co.uk/dealers/windsors-mazda-2294505?channel=cars
Windsors Of Wallasey,Windsors Of Wallasey,5 out of 5," Continual Family Business. ,  Established 1919. , Used Cars of Highest Quality.","Harrison Drive, , Wallasey, Merseyside, CH45 3HP",www.windsors.uk.com,(0151) 382 4431,https://www.autotrader.co.uk/dealers/windsors-of-wallasey-2294496?channel=cars
Stanley Automotive,Stanley Automotive,4.7 out of 5,,"383 STANLEY ROAD, KIRKDALE, Liverpool, Lancashire, L20 2AE",www.stanleyautomotive.co.uk,(07537) 165062,https://www.autotrader.co.uk/dealers/stanley-automotive-10023087?channel=cars
BVH Car Sales Ltd,BVH Car Sales Ltd,5 out of 5," Over 50 Years Experience , Wide Range of Lenders, Full RAC Service, 12 Month MOT","BVH Car Sales, Hind Street, , Birkenhead, Merseyside, CH41 5DA",www.bvhcarsales.co.uk,(0151) 382 7151,https://www.autotrader.co.uk/dealers/bvh-car-sales-ltd-715698?channel=cars
T.WILLIAMS CAR SALES,T.WILLIAMS CAR SALES,5 out of 5,,"86 Shrewsbury Road, Oxton, Wirral, Cheshire, CH43 6TF",www.twilliamscarsales.co.uk,(07537) 165686,https://www.autotrader.co.uk/dealers/t.williams-car-sales-14991?channel=cars
Johnsons Hyundai Liverpool,Johnsons Hyundai Liverpool,4.8 out of 5," HYUNDAI RETAILER, Home Delivery available, JOHNSONS CARS FOUNDED IN 1999","72 Rimrose Road, , Bootle, Merseyside, L20 4TX",www.johnsonscars.co.uk,(0151) 382 7755,https://www.autotrader.co.uk/dealers/johnsons-hyundai-liverpool-709241?channel=cars
Liverpool Car Centre,Liverpool Car Centre,5 out of 5,,"75 Brewster Street, , Bootle, Merseyside, L20 9NG",www.liverpoolcarcentre.com,(0151) 382 8269,https://www.autotrader.co.uk/dealers/liverpool-car-centre-138969?channel=cars
Lexus Liverpool,Lexus Liverpool,2 out of 5,"FCA Regulated and Approved, Finance Available, Home Delivery Available","72 Rimrose Road, , Bootle, Merseyside, L20 4TX",www.group1auto.co.uk,(0151) 382 6989,https://www.autotrader.co.uk/dealers/lexus-liverpool-10044383?channel=cars
Group1 Toyota Liverpool,Group1 Toyota Liverpool,5 out of 5,"FCA Regulated and Approved, Finance Available, Home Delivery Available","60-70 Rimrose Road, , Bootle, Merseyside, L20 4TX",www.group1auto.co.uk,(0151) 382 0201,https://www.autotrader.co.uk/dealers/group1-toyota-liverpool-10044380?channel=cars
Prenton Motor Company,Prenton Motor Company,5 out of 5,"Friendly professional service, Same day finance available, Nationwide Warranties ","609 Borough Road, , Birkenhead, Wirral, CH42 0HD",www.prentonmotorcompany.co.uk,(0151) 382 7166,https://www.autotrader.co.uk/dealers/prenton-motor-company-61907?channel=cars
Arnold Clark Liverpool Motorstore / MG,Arnold Clark Liverpool Motorstore / MG,4.8 out of 5,"Reserve your vehicle online, Click & Collect close to you, Live video appointments","55 Sefton Street, Toxteth, Liverpool, Merseyside, L8 6UD",www.arnoldclark.com,(0151) 382 7975,https://www.autotrader.co.uk/dealers/arnold-clark-liverpool-motorstore-/-mg-24412?channel=cars
Solo Car Sales,Solo Car Sales,4.8 out of 5,"Cheapest Finance in Liverpool,  Recent WINNER of Awards 2024,  BMW MERCEDES & AUDI Specialist","3b Larch Lea, , Liverpool, Merseyside, L6 5BN",www.solocars.co.uk,(0151) 382 7223,https://www.autotrader.co.uk/dealers/solo-car-sales-21872?channel=cars
Church View Car Sales Ltd,Church View Car Sales Ltd,3.3 out of 5,,"1A, Breeze Hill, , Liverpool, Lancashire, L9 1DY",www.nationwidecarsalesuk.com,(0151) 382 7155,https://www.autotrader.co.uk/dealers/church-view-car-sales-ltd-284611?channel=cars
AFCS,AFCS,5 out of 5,"All vehicles HPI Clear, 3 Months In House Warranty,  Subject To Qualifying ","Unit 3, Peninsula Business Park, Reeds Lane, Wirral, Merseyside, CH46 1DW",www.afcarsales.com,(07456) 414998,https://www.autotrader.co.uk/dealers/afcs-10046011?channel=cars
Georgesons Car Sales,Georgesons Car Sales,5 out of 5," Family run since 1955, Rated EXCELLENT on Trustpilot, Part Exchange and Finance ","2-18 Breck Road, , Liverpool, Merseyside, L4 2RA",www.georgesonscars.co.uk,(0151) 382 9770,https://www.autotrader.co.uk/dealers/georgesons-car-sales-430?channel=cars
Stoneacre Liverpool,Stoneacre Liverpool,1 out of 5,,"SEFTON STREET, TOXTETH, Liverpool, Lancashire, L8 5SN",www.stoneacre.co.uk,(0151) 382 7596,https://www.autotrader.co.uk/dealers/stoneacre-liverpool-25736?channel=cars
Beech Garage Car Sales Ltd,Beech Garage Car Sales Ltd,5 out of 5,,"67 - 69 Bridge Road, Litherland, Liverpool, Merseyside, L21 2PA",www.beechgaragecarsales.co.uk,(0151) 382 7171,https://www.autotrader.co.uk/dealers/beech-garage-car-sales-ltd-14699?channel=cars
Hatfields Jaguar Land Rover Liverpool,Hatfields Jaguar Land Rover Liverpool,4.9 out of 5,"Approved Used Car Retailer ,  JLR Retailer of the Year ,  Est. 1922","1 Riverside Drive, , Liverpool, Merseyside, L3 4EN",hatfields.co.uk,(0151) 382 8365,https://www.autotrader.co.uk/dealers/hatfields-jaguar-land-rover-liverpool-282978?channel=cars
1st Car Shop,1st Car Shop,4.6 out of 5,,"Hornby Road, , Liverpool, Lancashire, L9 3DF",,(07537) 123612,https://www.autotrader.co.uk/dealers/1st-car-shop-10043883?channel=cars
Pasture Car Sales,Pasture Car Sales,5 out of 5,,"Pasture Garage, Pasture Road, Wirral, Merseyside, CH46 4TH",www.pastureroadcarsales.co.uk,(0151) 382 7212,https://www.autotrader.co.uk/dealers/pasture-car-sales-10004134?channel=cars
Warbreck Car Sales Ltd,Warbreck Car Sales Ltd,5 out of 5,,"95 ORRELL LANE, , Liverpool, Lancashire, L9 8BL",www.warbreckcarsales.co.uk,(0151) 382 7186,https://www.autotrader.co.uk/dealers/warbreck-car-sales-ltd-10012433?channel=cars
Petrol Heads Motor Company Ltd,Petrol Heads Motor Company Ltd,No recent reviews,,"76 Wallasey Road, Wallasey, Wirral, Merseyside, CH44 2AE",,(07537) 124978,https://www.autotrader.co.uk/dealers/petrol-heads-motor-company-ltd-10002126?channel=cars
MXW Automotive Limited,MXW Automotive Limited,4.8 out of 5,,"28A Tarran Way West, Tarran Industrial Estate, Wirral, Merseyside, CH46 4TT",,(07441) 906282,https://www.autotrader.co.uk/dealers/mxw-automotive-limited-10040067?channel=cars
Brookway Cars,Brookway Cars,No recent reviews,,"Unit D6 21 BROOKWAY, NORTH CHESHIRE TRADING ESTATE, Prenton, Merseyside, CH43 3DS",www.brookwaycars.co.uk,(0151) 382 8549,https://www.autotrader.co.uk/dealers/brookway-cars-10015082?channel=cars
Motors Today,Motors Today,4.9 out of 5," Multi-Award Winning Dealership,  Aftersales Excellence winners , Trading Standards Approved ","ARROWE PARK ROAD, UPTON, Wirral, Merseyside, CH49 0UF",www.motors-today.co.uk,(0151) 382 3357,https://www.autotrader.co.uk/dealers/motors-today-10001179?channel=cars
Northwest Car and Van Sales LTD,Northwest Car and Van Sales LTD,5 out of 5, finance options available,"Unit 6, PAULA WORKS, CHARNOCK ROAD, , Liverpool, Lancashire, L9 7ET",www.northwestcarandvansales.co.uk,(0151) 382 0939,https://www.autotrader.co.uk/dealers/northwest-car-and-van-sales-ltd-10027563?channel=cars
Peoples Liverpool Bootle,Peoples Liverpool Bootle,4.9 out of 5," Try Before You Buy, Personalised Videos, Reserve Online for £99","Orrell Lane, Bootle, Liverpool, Merseyside, L20 6PD",www.peoplescars.co.uk,(0151) 382 7161,https://www.autotrader.co.uk/dealers/peoples-liverpool-bootle-89588?channel=cars
Peoples BYD Liverpool,Peoples BYD Liverpool,5 out of 5,"Approved BYD Dealer,  Family Owned Business, Electric Vehicles","Trinity Park, Orrell Lane, , Bootle, Merseyside, L20 6PD",www.peoplescars.co.uk,(0151) 5564455,https://www.autotrader.co.uk/dealers/peoples-byd-liverpool-10039901?channel=cars
Long Lane Budget Car & Van Sales,Long Lane Budget Car & Van Sales,5 out of 5," Budget Car & Van Specialists, All Vehicles Are HPI Clear, Nation Wide Delivery Available","Unit 2, Nelson Industrial Estate, Long Lane, Walton, Liverpool, Lancashire, L9 7BN",,(07441) 939694,https://www.autotrader.co.uk/dealers/long-lane-budget-car-&-van-sales-10044958?channel=cars
Da Blundell Car Sales,Da Blundell Car Sales,4.8 out of 5,,"Unit 4 Brookfield Drive, , Liverpool, Merseyside, L9 7AJ",www.dablundellcarsales.co.uk,(07537) 124580,https://www.autotrader.co.uk/dealers/da-blundell-car-sales-14917?channel=cars
Tallbrook Ltd,Tallbrook Ltd,5 out of 5," EXCELLENT CUSTOMER SERVICE,  MOT , 82 POINT PDI , SERVICE","440 HOYLAKE ROAD, , Wirral, Merseyside, CH46 6DG",www.tallbrook.co.uk,(0151) 382 7178,https://www.autotrader.co.uk/dealers/tallbrook-ltd-10005124?channel=cars
DW CAR SALES LTD,DW CAR SALES LTD,No recent reviews,"Every car is checked and clear, Reserve online for £99, See our 5* reviews","rear of 71 DERBY LANE, , Liverpool, Lancashire, L13 6QE",www.dw-carsales.co.uk,(0151) 382 7176,https://www.autotrader.co.uk/dealers/dw-car-sales-ltd-10018476?channel=cars
Wavertree Car Centre Limited,Wavertree Car Centre Limited,4.9 out of 5, Established for over 40 years,"19 - 21 HIGH STREET, Wavertree, Liverpool, Merseyside, L15 8HE",www.wavertreecarcentre.co.uk,(0151) 382 6166,https://www.autotrader.co.uk/dealers/wavertree-car-centre-limited-10245?channel=cars
Stellantis &You Liverpool,Stellantis &You Liverpool,4.9 out of 5,"Reserve Online for £99, Manufacturer approved dealer, You always pay the right price","77 Mill Lane, , Liverpool, Merseyside, L13 4EJ",www.stellantisandyou.co.uk,(0151) 382 8251,https://www.autotrader.co.uk/dealers/stellantis-&you-liverpool-49603?channel=cars
Crosby Park Garage,Crosby Park Garage,5 out of 5," Global award for customer care,  3rd generation family run,  Operating since 1954","2 Coronation Road, Crosby, Liverpool, Merseyside, L23 3BJ",www.crosbyparkgarage.co.uk,(0151) 382 2016,https://www.autotrader.co.uk/dealers/crosby-park-garage-15390?channel=cars
Allerton Motorsales,Allerton Motorsales,No recent reviews,,"559 Smithdown Road, , Liverpool, Lancashire, L15 5AF",www.allertonmotorsalesltd.co.uk,(0151) 382 1640,https://www.autotrader.co.uk/dealers/allerton-motorsales-10031756?channel=cars
Bromborough Road Car Sales,Bromborough Road Car Sales,5 out of 5,,"The Old Rail Yard, Bromborough Road, Wirral, Merseyside, CH63 7RF",www.bromboroughroadcarsales.co.uk,(0151) 382 8399,https://www.autotrader.co.uk/dealers/bromborough-road-car-sales-575394?channel=cars
Port Sunlight Cars,Port Sunlight Cars,No recent reviews,,"BROMBOROUGH ROAD, , Wirral, Merseyside, CH63 7RD",www.portsunlightcars.co.uk,(0151) 382 7085,https://www.autotrader.co.uk/dealers/port-sunlight-cars-10023777?channel=cars
Motor Range Liverpool,,,,,,,
Family Driven Motors Ltd,Family Driven Motors Ltd,4.6 out of 5,,"The Lighthouse, Riverbank Road, Bromborough, Wirral, Merseyside, CH62 3JQ",www.fdmotors.co.uk,(07537) 124596,https://www.autotrader.co.uk/dealers/family-driven-motors-ltd-10040309?channel=cars
Light House Motors,Light House Motors,5 out of 5,"5 Star After Care! ⭐⭐⭐⭐⭐, Each Car Comes with New MOT !, At Least Half a Tank Per Car!","The Lighthouse, Riverbank Road, Bromborough, Wirral, Merseyside, CH62 3JQ",www.lighthousemotors.co.uk,(07537) 122468,https://www.autotrader.co.uk/dealers/light-house-motors-10037161?channel=cars
Ellis Ashton Motor Company,Ellis Ashton Motor Company,5 out of 5,,"The Lighthouse, Riverbank Road, Bromborough, Wirral, Merseyside, CH62 3JQ",www.ellisashtonmotorcompany.co.uk,(0151) 382 6346,https://www.autotrader.co.uk/dealers/ellis-ashton-motor-company-10015202?channel=cars
Fairway Motors (Liverpool) Ltd,Fairway Motors (Liverpool) Ltd,5 out of 5,,"Copplehouse Lane, , Liverpool, Merseyside, L10 0AE",www.fairwayford.co.uk,(0151) 382 7164,https://www.autotrader.co.uk/dealers/fairway-motors-(liverpool)-ltd-7979?channel=cars
Irby Motor Company,Irby Motor Company,4.7 out of 5, Family run for over 30 years,"9 Mill Hill Road, Irby, Wirral, Cheshire, CH61 4UB",www.irbymotor.co.uk,(0151) 382 9769,https://www.autotrader.co.uk/dealers/irby-motor-company-4585?channel=cars
Woods of Wirral Motor Company Trading Standards Approved Dealership,Woods of Wirral Motor Company Trading Standards Approved Dealership,4.8 out of 5, Family owned for 20 years,"31A Carham Road, Hoylake, Wirral, Merseyside, CH47 4FF",www.woodsofwirral.co.uk,(0151) 382 7193,https://www.autotrader.co.uk/dealers/woods-of-wirral-motor-company-trading-standards-approved-dealership-343641?channel=cars
Gateway Motor group,Gateway Motor group,4.8 out of 5,"High Quality Vehicles, Home Delivery Available, Finance Available","Gateway House, The Gateway, Old Hall Road, Bromborough, Wirral, Merseyside, CH62 3NX",www.gatewaymotorgroup.co.uk,(0151) 382 4353,https://www.autotrader.co.uk/dealers/gateway-motor-group-10043382?channel=cars
Gateacre Motors Ltd,Gateacre Motors Ltd,5 out of 5," Quality Used Cars, Car Finance Specialists, RAC Approved Dealer","UNIT 18 THURNE WAY, , Liverpool, Merseyside, L25 4SQ",www.gateacremotors.co.uk,(0151) 382 7239,https://www.autotrader.co.uk/dealers/gateacre-motors-ltd-10003542?channel=cars
JRP AUTOS LTD,JRP AUTOS LTD,4.4 out of 5,,"Unit 3,  Grisedale Road, Old Hall Industrial Estate, Wirral, Merseyside, CH62 3QA",jrpautos.co.uk,(07457) 401378,https://www.autotrader.co.uk/dealers/jrp-autos-ltd-10036111?channel=cars
Maghull Garages Limited,Maghull Garages Limited,5 out of 5,,"UNIT 1G SEFTON LANE INDUSTRIAL ESTATE, , Liverpool, Lancashire, L31 8BX",mglcars.co.uk,(0151) 382 7592,https://www.autotrader.co.uk/dealers/maghull-garages-limited-10011104?channel=cars
HWF Motors,HWF Motors,3.7 out of 5," HWF Motors Ltd, Can Arrange Out of Hours Visit, Leave £100 to Secure a Car","SEFTON LANE INDUSTRIAL ESTATE, UNIT 3A, Liverpool, Lancashire, L31 8BX",www.hwfmotors.co.uk,(07537) 165518,https://www.autotrader.co.uk/dealers/hwf-motors-10013171?channel=cars
Georgesons Knowsley,Georgesons Knowsley,4.9 out of 5," Family run since 1955, Top rated Dealer 4.9* Rating, Part Exchange and Finance ","RANDLES ROAD, KNOWSLEY BUSINESS PARK, Prescot, Merseyside, L34 9HX",www.georgesonscars.co.uk,(0330) 038 9150,https://www.autotrader.co.uk/dealers/georgesons-knowsley-10024239?channel=cars
Windsors Heswall,Windsors Heswall,4.3 out of 5,"Delivering exceptional service, Sourcing quality used cars ,  Family business since 1919","Milner Road, , Wirral, Merseyside, CH60 5RZ",www.windsors.uk.com,(0151) 382 4265,https://www.autotrader.co.uk/dealers/windsors-heswall-10006781?channel=cars
Vanquish Trade Cars,Vanquish Trade Cars,5 out of 5,,"High Street, Woolton, Liverpool, Merseyside, L25 7TB",www.vanquishtradecars.co.uk,(0151) 382 6229,https://www.autotrader.co.uk/dealers/vanquish-trade-cars-10015176?channel=cars
Heswall Car Sales,Heswall Car Sales,5 out of 5,,"Unit 10, Leighton Business Park, Chester Road, Heswall, Wirral, Merseyside, CH60 3RZ",www.heswallcarsales.co.uk,(07383) 915211,https://www.autotrader.co.uk/dealers/heswall-car-sales-10039164?channel=cars
J Stuart & Co. (Garages) Limited,J Stuart & Co. (Garages) Limited,5 out of 5,,"Leighton House, Leighton Business Park, Chester Road, Heswall, Wirral, CH60 3RZ",jstuart.co.uk,(0151) 382 7158,https://www.autotrader.co.uk/dealers/j-stuart-&-co.-(garages)-limited-12467?channel=cars
Heatherland Garage Services,Heatherland Garage Services,5 out of 5," 22 years in business,  Family owned business , AFTERSALES","CHESTER ROAD, HESWALL, Wirral, Merseyside, CH60 3SE",,(0151) 382 8064,https://www.autotrader.co.uk/dealers/heatherland-garage-services-10023361?channel=cars
Ince Blundell Garages,Ince Blundell Garages,4.8 out of 5,"WE CATER FOR ALL CREDIT TYPES , OUTSTANDING AFTERSALES ,  TRADING FOR 45 YEARS","73 Scaffold Lane, , Liverpool, Merseyside, L38 1QA",www.inceblundell.com,(0151) 382 7224,https://www.autotrader.co.uk/dealers/ince-blundell-garages-676632?channel=cars
AMBER CAR SALES LTD,AMBER CAR SALES LTD,5 out of 5,,"27 Triumph Way, , Liverpool, Lancashire, L24 9GQ",www.ambercarsales.co.uk,(07537) 124204,https://www.autotrader.co.uk/dealers/amber-car-sales-ltd-10029520?channel=cars
RM Car Sales,RM Car Sales,5 out of 5,"Buy With Confidence, We Only Sell Top Quality Cars,  Over 20 Years Experience ","RM Car Sales, Triumph Way, Hunts Cross, Liverpool, Merseyside, L24 9GQ",,(0151) 382 9243,https://www.autotrader.co.uk/dealers/rm-car-sales-10045438?channel=cars
Eastham Motors,Eastham Motors,4.9 out of 5," Established over 50 years ,  Knowledgeable & courteous team, Finance available on all cars","1247 New Chester Road, Eastham, Wirral, Merseyside, CH62 0AA",www.easthammotors.co.uk,(0151) 382 3138,https://www.autotrader.co.uk/dealers/eastham-motors-8006?channel=cars
MTC Northwest Ltd,MTC Northwest Ltd,No recent reviews," Trading for over 40 years,  Truck & Van Sales, MOT & Servicing available","GORES ROAD, KNOWSLEY INDUSTRIAL PARK, Liverpool, Lancashire, L33 7XS",www.mtcnorthwest.co.uk,(07441) 918367,https://www.autotrader.co.uk/dealers/mtc-northwest-ltd-10010481?channel=cars
Hamlet Motor Company,Hamlet Motor Company,4.9 out of 5,,"Chester High Road, , Neston, South Wirral, CH64 3RY",www.hamletmotors.co.uk,(0151) 382 7866,https://www.autotrader.co.uk/dealers/hamlet-motor-company-22066?channel=cars
HD Cars and Commercials (Liverpool) Ltd,HD Cars and Commercials (Liverpool) Ltd,4.8 out of 5,"WE OFFER NATIONWIDE DELIVERY ,  FEEL WELCOME AT HD CARS , FRESH SERVICES & LONG MOT","Liverpool, Lancashire, ",hdcars.co.uk,(0151) 353 9804,https://www.autotrader.co.uk/dealers/hd-cars-and-commercials-(liverpool)-ltd-10031794?channel=cars
RIVERSIDE AUTO SALES,RIVERSIDE AUTO SALES,4.2 out of 5,,"BRIDGE HOUSE, SPEKE HALL ROAD, , Liverpool, Lancashire, L24 9HA",www.riverside-autosales.co.uk,(0151) 382 0472,https://www.autotrader.co.uk/dealers/riverside-auto-sales-10027761?channel=cars
Peoples Van Centre Liverpool,Peoples Van Centre Liverpool,5 out of 5," Try Before You Buy, Personalised Videos, Reserve Online for £99","Speke Hall Road, Speak, Liverpool, Merseyside, L24 9HQ",www.peoplescars.co.uk,(0151) 382 7129,https://www.autotrader.co.uk/dealers/peoples-van-centre-liverpool-328523?channel=cars
Peoples Liverpool Speke,Peoples Liverpool Speke,4.9 out of 5," Try Before You Buy, Personalised Videos, Reserve Online for £99","Spekehall Road, Speke, Liverpool, Merseyside, L24 9HQ",www.peoplescars.co.uk,(0151) 382 7172,https://www.autotrader.co.uk/dealers/peoples-liverpool-speke-22850?channel=cars
Motorology,Motorology,5 out of 5,"Nationwide Same Day Delivery, Request Live Videos, Customised Finance Options","Kings Business Park, Kings Drive, , Prescot, Merseyside, L34 1PJ",motorology.co.uk,(0151) 382 2350,https://www.autotrader.co.uk/dealers/motorology-10038035?channel=cars
Brickfields Vehicle Sales,Brickfields Vehicle Sales,5 out of 5,,"Unit 17, Brickfields, , Liverpool, Lancashire, L36 6HY",www.sales-bvs.co.uk,(07537) 122352,https://www.autotrader.co.uk/dealers/brickfields-vehicle-sales-10044727?channel=cars
Volkswagen Van Centre (Liverpool),Volkswagen Van Centre (Liverpool),4.8 out of 5," Used Car Dealer Awards winners,  Family owned since 2011","2 Evans Road, , Liverpool, Merseyside, L24 9PB",www.swanswaygarages.com,(0151) 382 8157,https://www.autotrader.co.uk/dealers/volkswagen-van-centre-(liverpool)-419586?channel=cars
N S CAR AND COMMERCIAL SALES LTD,N S CAR AND COMMERCIAL SALES LTD,5 out of 5,,"Unit 1, Ashcroft Road, Knowsley Industrial Park, Liverpool, Lancashire, L33 7TW",www.ns-cars.co.uk,(07418) 690147,https://www.autotrader.co.uk/dealers/n-s-car-and-commercial-sales-ltd-10030785?channel=cars
EVOLUTION PERFORMANCE CARS,EVOLUTION PERFORMANCE CARS,5 out of 5,,"Unit 6, Millennium Court, Buildwas Road, Clayhill Light Industrial Park, Neston, Cheshire, CH64 3UZ",www.evolutionperformancecars.co.uk,(07537) 165920,https://www.autotrader.co.uk/dealers/evolution-performance-cars-2623134?channel=cars
Harding Motor Company,Harding Motor Company,No recent reviews, 30 YEARS ESTABLISHED IN WIRRAL,"BOATHOUSE LANE, PARKGATE, Neston, Cheshire, CH64 6RD",www.hardings4cars.co.uk,(0151) 382 5380,https://www.autotrader.co.uk/dealers/harding-motor-company-10005136?channel=cars
Lloyds Garage,Lloyds Garage,No recent reviews,,"Lloyds Garage, NESTON ROAD, WILLASTON, Neston, Cheshire, CH64 2TE",,(0151) 382 8543,https://www.autotrader.co.uk/dealers/lloyds-garage-10013548?channel=cars
Supercarclassics.Com,Supercarclassics.Com,No recent reviews,,"37 Liverpool Road, , Neston, Cheshire, CH64 3RB",www.supercarclassics.com,(0151) 382 7182,https://www.autotrader.co.uk/dealers/supercarclassics.com-25407?channel=cars
Peoples Liverpool Prescot,Peoples Liverpool Prescot,4.8 out of 5," Try Before You Buy, Personalised Videos, Reserve Online for £99","Bridge Road, Prescot, Liverpool, Merseyside, L34 5TD",www.peoplescars.co.uk,(0151) 382 7603,https://www.autotrader.co.uk/dealers/peoples-liverpool-prescot-14305?channel=cars
Formby Car Centre,Formby Car Centre,5 out of 5,,"UNIT 3 STEPHENSON WAY, FORMBY BUSINESS PARK, FORMBY, Liverpool, Lancashire, L37 8EG",www.formbycarcentre.co.uk,(07723) 514637,https://www.autotrader.co.uk/dealers/formby-car-centre-285925?channel=cars
RFR MOTORS LIMITED,RFR MOTORS LIMITED,No recent reviews,,"238a Warrington Road, Whiston, Prescot, Merseyside, L35 2UA",www.rfrmotors.co.uk,(07822) 001321,https://www.autotrader.co.uk/dealers/rfr-motors-limited-10034420?channel=cars
Red Lion Car Sales Ltd,Red Lion Car Sales Ltd,5 out of 5,,"309 CHESTER ROAD, LITTLE SUTTON, Ellesmere Port, Cheshire, CH66 1QQ",www.redlioncarsales.com,(07441) 907801,https://www.autotrader.co.uk/dealers/red-lion-car-sales-ltd-10002763?channel=cars
Five Star Of Formby,Five Star Of Formby,5 out of 5,,"37 Church Road, , Formby, Merseyside, L37 3NA",,(01704) 206761,https://www.autotrader.co.uk/dealers/five-star-of-formby-4535?channel=cars
Rainford Cars Ltd,Rainford Cars Ltd,5 out of 5," FAMILY OWNED COMPANY, FCA APPROVED","Station Road, Little Sutton, Ellesmere Port, Cheshire, CH66 1NU",www.rainfordcars.co.uk,(07537) 122613,https://www.autotrader.co.uk/dealers/rainford-cars-ltd-10035420?channel=cars
Wirral Cars,,,,,,,
J M Car Sales,J M Car Sales,4.9 out of 5,,"Station Road, Little Sutton, Ellesmere Port, Cheshire, CH66 1NU",www.jmcarsalescheshire.co.uk,(07537) 125132,https://www.autotrader.co.uk/dealers/j-m-car-sales-10035419?channel=cars
Hollywood Motors,Hollywood Motors,No recent reviews,,"311 Chester Road, Little Sutton, Ellesmere Port, Cheshire, CH66 3RF",hollywoodmotors.co.uk,(07537) 124511,https://www.autotrader.co.uk/dealers/hollywood-motors-10025429?channel=cars
Port Van Sales Limited,Port Van Sales Limited,4.9 out of 5,"Part exchange allways welcome,  Finance options available,  Highly rated","PHOENIX ESTATE ROSSMORE ROAD EAST, , Ellesmere Port, Cheshire, CH65 3BR",www.portvansales.co.uk,(0151) 382 0549,https://www.autotrader.co.uk/dealers/port-van-sales-limited-10023262?channel=cars
Vauxhall Ellesmere Port,Vauxhall Ellesmere Port,4.7 out of 5,"Click and Collect Available, Home Delivery Available","Rossmore Road East, Ellesmere Port, Wirral, Merseyside, CH65 3AL",www.lookers.co.uk,(0151) 382 8371,https://www.autotrader.co.uk/dealers/vauxhall-ellesmere-port-10191?channel=cars
CHESHIRE MOTOR SALES LTD,CHESHIRE MOTOR SALES LTD,5 out of 5,,"Unit 10, Rossbank Road (unit 19), , Ellesmere Port, Cheshire, CH65 3AN",cheshire-motorsales.co.uk,(07868) 809723,https://www.autotrader.co.uk/dealers/cheshire-motor-sales-ltd-10035754?channel=cars
PSD Vehicle Sales,PSD Vehicle Sales,4.6 out of 5," Established in 1978,  5 Star Customer Service, Every vehicle safety checked","555 Prescot Road, , St Helens, Merseyside, WA10 3BZ",www.psdvehiclesales.co.uk,(07441) 914615,https://www.autotrader.co.uk/dealers/psd-vehicle-sales-527972?channel=cars
Halliwell Jones Chester MINI,Halliwell Jones Chester MINI,No recent reviews," Family owned business, Over 250 cars in group stock, Reserve online for £99","Parkgate Rd, , Puddington, Cheshire, CH1 6EZ",www.halliwelljones.co.uk,(0151) 382 8369,https://www.autotrader.co.uk/dealers/halliwell-jones-chester-mini-21723?channel=cars
Vauxhall St Helens,Vauxhall St Helens,4.6 out of 5,"Click & Collect Available, Delivery Available, Manufacturer Approved Cars","Knowsley Road, , St Helens, Merseyside, WA10 4PH",www.lookers.co.uk,(01744) 357901,https://www.autotrader.co.uk/dealers/vauxhall-st-helens-344178?channel=cars
JLT MOTORS LTD,JLT MOTORS LTD,5 out of 5,,"152 Prescot Road, , St. Helens, Merseyside, WA10 3TX",www.jltmotors.co.uk,(01744) 357639,https://www.autotrader.co.uk/dealers/jlt-motors-ltd-10037362?channel=cars
James Wright Cars Ltd,James Wright Cars Ltd,5 out of 5,,"35 Bushey Lane, , Rainford, Merseyside, WA11 7TD",www.jameswrightcars.co.uk,(01744) 357323,https://www.autotrader.co.uk/dealers/james-wright-cars-ltd-16466?channel=cars
Birkdale Cars Ltd,Birkdale Cars Ltd,4.3 out of 5,"5 Star Rated On All Platforms,  Highly Rated Dealer 2019-2024,  With Over 50 Years Experience","7 Bridge Avenue, , Ormskirk, Lancashire, L39 4RL",www.birkdalecars.co.uk,(01695) 361569,https://www.autotrader.co.uk/dealers/birkdale-cars-ltd-723076?channel=cars
RAINFORD AUTOMOTIVE LTD,RAINFORD AUTOMOTIVE LTD,5 out of 5,,"Unit 2, Sandwash Close, Rainford, St. Helens, Merseyside, WA11 8LY",,(07822) 001348,https://www.autotrader.co.uk/dealers/rainford-automotive-ltd-10045306?channel=cars
APC,APC,5 out of 5,,"Unit 1 Sandwash Close, Rainford, St. Helens, Merseyside, WA11 8LY",,(07418) 690392,https://www.autotrader.co.uk/dealers/apc-10043030?channel=cars
Victoria Park Garage Ltd,Victoria Park Garage Ltd,3.7 out of 5,,"7-9 Dentons Green Lane, , St. Helens, Merseyside, WA10 2QF",www.victoriaparkgarage.co.uk,(01744) 357589,https://www.autotrader.co.uk/dealers/victoria-park-garage-ltd-282118?channel=cars
Chapelhouse St. Helens,Chapelhouse St. Helens,4.8 out of 5,"Selected cars with 0% APR, Free MOTs for life!, Up to £5,000 Cashback","CANAL STREET, , St Helens, Merseyside, WA10 3JG",www.chapelhouse.co.uk,(01744) 357478,https://www.autotrader.co.uk/dealers/chapelhouse-st.-helens-10005618?channel=cars
MG Cheshire Oaks,MG Cheshire Oaks,5 out of 5," Full Safety Check/Preparation, Minimum 12  months warranty ","3 Oakland Drive, , Ellesmere Port, , CH65 9LG",www.holdcroft.com,(0151) 382 8346,https://www.autotrader.co.uk/dealers/mg-cheshire-oaks-10029699?channel=cars
Cheshire Oaks Hyundai,Cheshire Oaks Hyundai,4.9 out of 5,"Click and collect available , Full safety check/preparation, Minimum 3 month warranty","Oaklands Drive, LONGLOOMS ROAD EAST, , Ellesmere Port, Cheshire, CH65 9LG",www.holdcroft.com,(0151) 382 7844,https://www.autotrader.co.uk/dealers/cheshire-oaks-hyundai-675367?channel=cars
Cheshire Oaks Honda,Cheshire Oaks Honda,4.7 out of 5,"Click and collect available , Full safety check/preparation, Minimum 3 month warranty","3 Oakland Drive, Cheshire Oaks, Ellesmere Port, Cheshire, CH65 9LG",www.holdcroft.com,(0151) 382 7846,https://www.autotrader.co.uk/dealers/cheshire-oaks-honda-23352?channel=cars
Cheshire Motor Works,Cheshire Motor Works,5 out of 5,"6 Month Platinum warranty, Specialist in detailing & PPF, Home delivery Available","6 Helix Business Park, New Bridge Road, Ellesmere Port, , CH65 4LR",www.cheshiremotorworks.co.uk,(01244) 988200,https://www.autotrader.co.uk/dealers/cheshire-motor-works-10045705?channel=cars
Chorley Group Ormskirk,,,,,,,
Lancashire Auto,Lancashire Auto,5 out of 5,"Ford Authorised Repairer,  Family run business,  Trading since 1948","Hayfield Road, , Ormskirk, Lancashire, L39 1NZ",lancashireauto.co.uk,(01695) 361906,https://www.autotrader.co.uk/dealers/lancashire-auto-140884?channel=cars
Porsche Centre Chester,Porsche Centre Chester,4.8 out of 5,"The UK's Leading Retailer, Reserve a vehicle , Click & Collect","Longlooms Rd, Cheshire Oaks, Ellesmere Port, , CH65 9LF",www.sytner.co.uk,(0151) 382 1956,https://www.autotrader.co.uk/dealers/porsche-centre-chester-10039568?channel=cars
Gregory Garage,Gregory Garage,5 out of 5,,"49 HALSALL ROAD, HALSALL, Ormskirk, Lancashire, L39 8RW",www.4x4lancashire.co.uk,(01704) 206477,https://www.autotrader.co.uk/dealers/gregory-garage-4537?channel=cars
Arnold Clark St Helens Renault / Dacia / Vanstore,Arnold Clark St Helens Renault / Dacia / Vanstore,4.9 out of 5,"Reserve your vehicle online, Click & Collect close to you, Live video appointments","Delphwood Drive, (off Sherdley Road), St. Helens, Merseyside, WA9 5JE",www.arnoldclark.com,(01744) 357593,https://www.autotrader.co.uk/dealers/arnold-clark-st-helens-renault-/-dacia-/-vanstore-123427?channel=cars
Mercedes-Benz Of Cheshire Oaks,Mercedes-Benz Of Cheshire Oaks,4.2 out of 5,"Manufacturer Approved Dealer., Reserve a vehicle for £199, Aftersales facilities.","Longlooms Road East, , Ellesmere Port, Cheshire, CH65 9LF",www.group1auto.co.uk,(01244) 988910,https://www.autotrader.co.uk/dealers/mercedes-benz-of-cheshire-oaks-27429?channel=cars
Cheshire Oaks Audi,Cheshire Oaks Audi,3.7 out of 5,"Manufacturer Approved Dealer,  Price checked to market, Aftersales facilities","LONGLOOMS ROAD EAST, , Ellesmere Port, Cheshire, CH65 9LF",www.group1auto.co.uk,(0151) 382 7800,https://www.autotrader.co.uk/dealers/cheshire-oaks-audi-11274?channel=cars
Pentagon St Helens,Pentagon St Helens,No recent reviews,"New & Used Car Sales, Service and Parts Departments,  Over 30 Years In Business","SHERDLEY ROAD, , St Helens, Merseyside, WA9 5AD",www.pentagon-group.co.uk,(01744) 357573,https://www.autotrader.co.uk/dealers/pentagon-st-helens-10017392?channel=cars
Automotive,Automotive,3 out of 5,,"102 WIGAN ROAD, WESTHEAD, Ormskirk, Lancashire, L40 6HZ",www.automotive102.co.uk,(01695) 361826,https://www.autotrader.co.uk/dealers/automotive-67914?channel=cars
Vertu Nissan Widnes,Vertu Nissan Widnes,4.9 out of 5,"Live video presentation, Nissan main retailer, Ownership packages to suit you","Moor Lane, , Widnes, Cheshire, WA8 7AL",www.Vertumotors.com,(0151) 382 8036,https://www.autotrader.co.uk/dealers/vertu-nissan-widnes-15385?channel=cars
Luxcarz Ltd,Luxcarz Ltd,5 out of 5," 30 Years in the Motor Trade, Standard 6 months ","31 Parr Street, , St. Helens, Merseyside, WA9 1JU",www.luxcarz.co.uk,(07537) 123149,https://www.autotrader.co.uk/dealers/luxcarz-ltd-10040758?channel=cars
Mitchell Skoda (Chester),Mitchell Skoda (Chester),No recent reviews,,"Stanney Mill Lane, Cheshire Oaks, Chester, Cheshire, CH2 4RG",www.mitchellgroup.co.uk,(0151) 382 7996,https://www.autotrader.co.uk/dealers/mitchell-skoda-(chester)-26608?channel=cars
Lexus Chester,Lexus Chester,3 out of 5,"Approved Lexus Dealer ,  We go above and beyond","Stanney Mill Lane, Cheshire Oaks, Chester, Cheshire, CH2 4RG",www.mitchellgroup.co.uk,(0151) 382 7995,https://www.autotrader.co.uk/dealers/lexus-chester-14527?channel=cars
Mitchell Mazda,Mitchell Mazda,No recent reviews,Mazda Approved Used Cars,"Cheshire Oaks, , Chester, Cheshire, CH2 4RG",www.mitchellgroup.co.uk,(0151) 382 7994,https://www.autotrader.co.uk/dealers/mitchell-mazda-26607?channel=cars
Chapelhouse Southport,Chapelhouse Southport,4.8 out of 5,"Selected cars with 0% APR, Free MOTs for life!, Up to £5,000 Cashback","LIVERPOOL ROAD, , Southport, Merseyside, PR8 3NG",www.chapelhouse.co.uk,(01704) 827201,https://www.autotrader.co.uk/dealers/chapelhouse-southport-10009059?channel=cars
GoMotive,GoMotive,4.4 out of 5,,"42B Parr Street, , St. Helens, Merseyside, WA9 1JZ",gomotivesales.co.uk,(07537) 125086,https://www.autotrader.co.uk/dealers/gomotive-10040265?channel=cars
Jafs used cars,Jafs used cars,5 out of 5,,"The Old Ambulance Station, Chester Road, , Flint, Clwyd, CH6 5DT",jafusedcars.co.uk,(07537) 123280,https://www.autotrader.co.uk/dealers/jafs-used-cars-10045222?channel=cars
Middlehurst Garage,Middlehurst Garage,5 out of 5," Established 1957 ,  Family owned and run business, On-site workshop & MOT station","Jackson Street, , St Helens, Merseyside, WA9 1AW",www.middlehurst.co.uk,(01744) 357585,https://www.autotrader.co.uk/dealers/middlehurst-garage-3376?channel=cars
Acorn Kia St Helens,Acorn Kia St Helens,4.7 out of 5,"Over 500 Cars in Group Stock!,  Multi-Award Winning Business!,  Over 40 Years of Experience!","Jackson Street, , St. Helens, Merseyside, WA9 1AW",www.acorn-group.co.uk,(01744) 357040,https://www.autotrader.co.uk/dealers/acorn-kia-st-helens-10040360?channel=cars
West Coast SG,West Coast SG,4.3 out of 5,,"115A, Burnley Road, , Southport, Merseyside, PR8 3LP",www.westcoastsg.co.uk,(07537) 122283,https://www.autotrader.co.uk/dealers/west-coast-sg-10041057?channel=cars
Innovation Cars (UK) Limited,Innovation Cars (UK) Limited,5 out of 5,"APPROVED RAC DEALER ,  15 years of happy motoring, RAC WARRANTY  ","642 Liverpool Road, , Southport, Merseyside, PR8 3BH",www.innovationcars.co.uk,(07537) 125198,https://www.autotrader.co.uk/dealers/innovation-cars-(uk)-limited-10005122?channel=cars
APEXRIDGE AUTO GROUP LIMITED,APEXRIDGE AUTO GROUP LIMITED,5 out of 5,,"Picow Farm Road, , Runcorn, Cheshire, WA7 4UN",www.apexridgeauto.com,(07537) 165795,https://www.autotrader.co.uk/dealers/apexridge-auto-group-limited-10046204?channel=cars
Flintshire Car Sales,Flintshire Car Sales,No recent reviews,"OVER 100 VEHICLES IN STOCK, AA WARRANTY ON EVERY VEHICLE, FINANCE QUOTES AVAILABLE ","FLINTSHIRE HOUSE UNIT F39 ASHMOUNT ENTERPRISE PARK, ABER ROAD, Flint, Clwyd, CH6 5YJ",www.flintshirecarsalesltd.co.uk,(07457) 401203,https://www.autotrader.co.uk/dealers/flintshire-car-sales-10013513?channel=cars
eStar Truck and Van Limited Deeside,eStar Truck and Van Limited Deeside,5 out of 5,,"Deeside Industrial Park, , Deeside, Clwyd, CH5 2NX",www.estartruckandvan.co.uk,(01244) 988659,https://www.autotrader.co.uk/dealers/estar-truck-and-van-limited-deeside-10026733?channel=cars
NK Car Sales (NW) LTD,NK Car Sales (NW) LTD,5 out of 5," Highly Rated Award - X4 Years,  10 Yr Motor Trade Experience, Finance Specialist","UNIT 5, The Barge Business Park, MERTON BANK ROAD, St Helens, Merseyside, WA9 1HZ",www.nkcarsalesnwltd.co.uk,(01744) 357502,https://www.autotrader.co.uk/dealers/nk-car-sales-(nw)-ltd-10005647?channel=cars
Forward Autos,Forward Autos,No recent reviews,,"Gaskell Street, , St Helens, Merseyside, WA9 1PX",www.forwardautos.co.uk,(01744) 357587,https://www.autotrader.co.uk/dealers/forward-autos-7513?channel=cars
Motorpoint Widnes,,,,,,,
CGE Commercials Ltd,CGE Commercials Ltd,5 out of 5,,"1 Garnett Place, , Skelmersdale, Lancashire, WN8 9UB",www.cgecommercial.com,(07441) 906139,https://www.autotrader.co.uk/dealers/cge-commercials-ltd-10039968?channel=cars
Widnes Motors,Widnes Motors,5 out of 5,DVSA Approved MOT Test Station,"LYNCH & GRICE HOUSE, WARRINGTON ROAD, Widnes, Cheshire, WA8 0ST",www.widnesmotcentre.com,(0151) 382 7690,https://www.autotrader.co.uk/dealers/widnes-motors-10004656?channel=cars
Automotive Passion,Automotive Passion,5 out of 5,"20 Years going strong, JDM Sports Specialists ","West Lancashire Steels Abbotsfield Road, , St. Helens, Merseyside, WA9 4HU",www.automotivepassion.co.uk,(01925) 748703,https://www.autotrader.co.uk/dealers/automotive-passion-10035704?channel=cars
Ron Hodgson Specialist Cars,Ron Hodgson Specialist Cars,5 out of 5,"Free Home Delivery, Part Exchange Welcome, Low Rate Finance Available","10 Heaton Court, Scarisbrick Business Park, Scarisbrick, Ormskirk, Lancashire, L40 8HS",www.ronhodgson.co.uk,(07480) 736973,https://www.autotrader.co.uk/dealers/ron-hodgson-specialist-cars-446?channel=cars
Pathway Motor Company of Warrington Limited,Pathway Motor Company of Warrington Limited,5 out of 5,"FCA Number: 748980,  Multiple Award Winner, All P/X Welcome","UNIT 4, 1 TANHOUSE LANE, , Widnes, Cheshire, WA8 0RZ",www.pathwaymotorcompany.co.uk,(07441) 953096,https://www.autotrader.co.uk/dealers/pathway-motor-company-of-warrington-limited-10004504?channel=cars
Peter Scott Cars,Peter Scott Cars,5 out of 5," Family Run Business- 30+ years, Low rate finance available , All Vehicles AA Inspected","1 Tanhouse Lane, , Widnes, Cheshire, WA8 0RZ",www.peterscottcars.co.uk,(07441) 915750,https://www.autotrader.co.uk/dealers/peter-scott-cars-147677?channel=cars
Sutton Car Centre,Sutton Car Centre,No recent reviews,,"97-99 Junction Lane, , St. Helens, Merseyside, WA9 3JN",www.suttoncarcentre.co.uk,(01744) 357582,https://www.autotrader.co.uk/dealers/sutton-car-centre-17916?channel=cars
Cars Excel Ltd,Cars Excel Ltd,5 out of 5,,"45 West End Road, Haydock, St. Helens, Merseyside, WA11 0AE",,(07441) 946587,https://www.autotrader.co.uk/dealers/cars-excel-ltd-10043501?channel=cars
Carr Mill Motors,Carr Mill Motors,5 out of 5,,"113 Carr Mill Road, The Beaches, Billinge, Wigan, Lancashire, WN5 7TY",carrmillmotors.co.uk,(07441) 940505,https://www.autotrader.co.uk/dealers/carr-mill-motors-10044051?channel=cars
Geoff Rigby Commercials,Geoff Rigby Commercials,5 out of 5,Low rate finance,"Dennetts Farm, Pimbo Lane, Skelmersdale, Lancashire, WN8 9QQ",www.geoffrigbyvansales.co.uk,(01695) 624545,https://www.autotrader.co.uk/dealers/geoff-rigby-commercials-482?channel=cars
Deeside Motor Centre,Deeside Motor Centre,4.9 out of 5,,"266-268 HIGH STREET, CONNAH'S QUAY, Deeside, Clwyd, CH5 4DJ",www.deesidemotorcentre.co.uk,(01244) 725518,https://www.autotrader.co.uk/dealers/deeside-motor-centre-3818?channel=cars
Hale Value Cars,Hale Value Cars,5 out of 5,,"South Lane, , Widnes, Cheshire, WA8 3TZ",,(07553) 796673,https://www.autotrader.co.uk/dealers/hale-value-cars-10037877?channel=cars
S Express Car Sales,S Express Car Sales,No recent reviews,,"50 Welsh Road, , Garden City, Cheshire, CH5 2HT",www.sexpresscarsales.co.uk,(07441) 918480,https://www.autotrader.co.uk/dealers/s-express-car-sales-753062?channel=cars
Jones Motor Company,Jones Motor Company,5 out of 5," OVER 35 YEARS EXSPERIENCE., EXCEEDS COMPETITORS GREATLY., HOME DELIVERY AVAILABLE","SEALAND ROAD, SEALAND, Deeside, Clwyd, CH5 2LQ",www.jonesmotors.co.uk,(01244) 725611,https://www.autotrader.co.uk/dealers/jones-motor-company-10009141?channel=cars
RDS Cars,RDS Cars,4.3 out of 5," 26 YEARS TRADING IN DEESIDE, OVER 30 VEHICLES IN STOCK","28, Welsh Road, Garden City, Deeside, Clwyd, CH5 2RA",www.rdscarsales.co.uk,(07537) 122385,https://www.autotrader.co.uk/dealers/rds-cars-10035556?channel=cars
Qcs Car Sales,Qcs Car Sales,5 out of 5,,"24A, Welsh Road, Garden City, Deeside, Clwyd, CH5 2RA",,(07822) 001421,https://www.autotrader.co.uk/dealers/qcs-car-sales-10035688?channel=cars
JAKE WILLIAMS AUTOMOTIVES LTD,JAKE WILLIAMS AUTOMOTIVES LTD,No recent reviews,,"Lyme House, Bretherton Court, Burscough, Ormskirk, Lancashire, L40 5UZ",www.jakewilliamsautomotives.co.uk,(07418) 690211,https://www.autotrader.co.uk/dealers/jake-williams-automotives-ltd-10024222?channel=cars
Sammys Car Limited,Sammys Car Limited,4.9 out of 5,,"STATION ROAD, QUEENSFERRY, Deeside, Clwyd, CH5 2TB",www.sammyscar.co.uk,(07441) 913129,https://www.autotrader.co.uk/dealers/sammys-car-limited-10007176?channel=cars
WB Cars Ltd,WB Cars Ltd,5 out of 5,,"87 Station Road, Queensferry, Deeside, Clwyd, CH5 2TB",www.wbcars.co.uk,(07537) 145792,https://www.autotrader.co.uk/dealers/wb-cars-ltd-10028958?channel=cars
Lindop Toyota Queensferry,Lindop Toyota Queensferry,5 out of 5,"Low rates from just 8.5% APR, We offer FREE home delivery*, 97% would recommend us","Bridgegate, Queensferry, Deeside, Flintshire, CH5 2TE",lindopusedcars.co.uk,(01244) 988756,https://www.autotrader.co.uk/dealers/lindop-toyota-queensferry-3620?channel=cars
Southport Automart,Southport Automart,5 out of 5," Family Run, Main Dealer Backed, Live or Bespoke Video Viewings","SOUTHPORT ROAD, SCARISBRICK, Southport, Lancashire, PR8 5JF",coxmotorgroup.com,(01704) 206997,https://www.autotrader.co.uk/dealers/southport-automart-10011783?channel=cars
Pentagon Runcorn,Pentagon Runcorn,No recent reviews,"New & Used Car Sales, Service and Parts Departments,  Over 30 Years In Business","EDWARDS ROAD, , Runcorn, Cheshire, WA7 2XP",www.pentagon-group.co.uk,(01928) 495780,https://www.autotrader.co.uk/dealers/pentagon-runcorn-10017391?channel=cars
Halliwell Jones Southport MINI,Halliwell Jones Southport MINI,5 out of 5,"Reserve online from £99, Part exchanges welcome,  Family owned business","Southport Road, , Southport, Lancashire, PR8 5JF",www.halliwelljones.co.uk,(01704) 206790,https://www.autotrader.co.uk/dealers/halliwell-jones-southport-mini-21722?channel=cars
Premium Trade Cars Southport,Premium Trade Cars Southport,5 out of 5,"Complementary 6 month warranty, Reserve online from £99,  Family owned business","59-61 Southport Road, , Southport, Lancs, PR8 5JF",www.halliwelljones.co.uk,(01704) 206679,https://www.autotrader.co.uk/dealers/premium-trade-cars-southport-154029?channel=cars
Halliwell Jones Southport BMW,Halliwell Jones Southport BMW,5 out of 5," Family owned business, BMW Approved Retailer, Home delivery available","59-61 Southport Road, , Southport, Merseyside, PR8 5JF",www.halliwelljones.co.uk,(01704) 206791,https://www.autotrader.co.uk/dealers/halliwell-jones-southport-bmw-421?channel=cars
Southport Honda,Southport Honda,5 out of 5," Family Owned Main Dealer Group, Honda Approved Dealer ","53-55 Southport Road, Scarisbrick, Southport, Merseyside, PR8 5JF",coxmotorgroup.com,(01704) 206504,https://www.autotrader.co.uk/dealers/southport-honda-1509817?channel=cars
Stretton Of Kew,Stretton Of Kew,5 out of 5," 45 YEARS OF SUCCESSFUL TRADING, NO DEPOSIT REQUIRED TO RESERVE, WE ACCEPT PART EXCHANGES","69 Southport Road (a570), Scarisbrick, Southport, Lancashire, PR8 5JF",www.strettonofkew.co.uk,(01704) 206742,https://www.autotrader.co.uk/dealers/stretton-of-kew-29860?channel=cars
WRIGHT MOTOR,WRIGHT MOTOR,4 out of 5,"Our very own detailing company,  Happy To Help , We Bring The Dealership To You","Wright Motor, 65 Southport Road, Scarisbrick, Southport, Lancashire, PR8 5JF",www.wrightmotor.co.uk,(01704) 206558,https://www.autotrader.co.uk/dealers/wright-motor-10034494?channel=cars
Halliwell Jones KIA Southport,Halliwell Jones KIA Southport,5 out of 5,"KIA Approved, Part Exchanges Welcome","49-51 Southport Road, Scarisbrick, Southport, Lancashire, PR8 5JF",www.halliwelljones.co.uk,(01704) 827071,https://www.autotrader.co.uk/dealers/halliwell-jones-kia-southport-10044085?channel=cars
Precision Auto Group Ltd,Precision Auto Group Ltd,4.7 out of 5,"Nationwide Home Delivery., Drive away on the same day., Free Warranty","78A, Upper Aughton Road, , Southport, Merseyside, PR8 5NJ",www.precisionautos.co.uk,(01704) 206944,https://www.autotrader.co.uk/dealers/precision-auto-group-ltd-10039565?channel=cars
Group1 Toyota Southport,Group1 Toyota Southport,4.7 out of 5,"FCA Regulated and Approved, Finance Available, Home Delivery Available","Town Lane, , Southport, Merseyside, PR8 5JH",www.group1auto.co.uk,(01704) 206958,https://www.autotrader.co.uk/dealers/group1-toyota-southport-10044381?channel=cars
Inter-Leisure,Inter-Leisure,5 out of 5," Three-Generation Family Owned, 10 year term finance available","Inter-Leisure, Burgess Drive, Sealand Road, Sealand, Chester, Flintshire, CH1 6EB",www.burtoncaravansales.co.uk,(01244) 725810,https://www.autotrader.co.uk/dealers/inter-leisure-10029028?channel=cars
AutoClarity,AutoClarity,5 out of 5,"All types of finance offered, We offer video viewing on all,  Always deal with the owner","19A BANASTRE ROAD, , Southport, Merseyside, PR8 5AW",www.autoclaritydirect.co.uk,(01704) 206743,https://www.autotrader.co.uk/dealers/autoclarity-10020832?channel=cars
Vans North West Limited,Vans North West Limited,No recent reviews,"Maxus Main Dealer,  Trading Since 2006, On Site Prep Centre","Haydock Lane, Haydock Industrial Estate, Haydock, St. Helens, Merseyside, WA11 9UY",www.vansalesnorthwest.co.uk,(01942) 919480,https://www.autotrader.co.uk/dealers/vans-north-west-limited-65245?channel=cars
Vision Motors Direct Ltd,Vision Motors Direct Ltd,3.9 out of 5,,"NORTH FLORIDA ROAD, HAYDOCK, St Helens, Merseyside, WA11 9TP",www.vision-motors.co.uk,(01942) 919064,https://www.autotrader.co.uk/dealers/vision-motors-direct-ltd-10017411?channel=cars
CHESTER CAR SOLUTIONS LTD,CHESTER CAR SOLUTIONS LTD,5 out of 5,,"Chester Road, Dunham on the Hill, Frodsham, Cheshire, WA6 0NT",www.chestercarsolutions.co.uk,(07537) 145531,https://www.autotrader.co.uk/dealers/chester-car-solutions-ltd-10043321?channel=cars
RSV Automotive,RSV Automotive,5 out of 5," Family owned - Founded 2013, Car Sourcing to customers , FCA Regulated","Unit 4 ABRAHAM COURT, PRINCE WILLIAM AVENUE, SANDYCROFT, Deeside, Clwyd, CH5 2QZ",www.rsvautomotive.co.uk,(01244) 988762,https://www.autotrader.co.uk/dealers/rsv-automotive-10018063?channel=cars
Ainsdale Car Centre Ltd,Ainsdale Car Centre Ltd,5 out of 5,,"26a Virginia Street, , Southport, Merseyside, PR8 6RZ",www.ainsdalecarcentre.co.uk,(01704) 206257,https://www.autotrader.co.uk/dealers/ainsdale-car-centre-ltd-90175?channel=cars
Les Currie Garages,Les Currie Garages,No recent reviews,,"Chester, Cheshire, ",www.lescurriegarages.co.uk,(01244) 988753,https://www.autotrader.co.uk/dealers/les-currie-garages-28098?channel=cars
David Hayton Mazda Southport,David Hayton Mazda Southport,5 out of 5,,"78-88 Tulketh Street, , Southport, Merseyside, PR8 1BX",www.davidhayton.co.uk,(01704) 206329,https://www.autotrader.co.uk/dealers/david-hayton-mazda-southport-665494?channel=cars
Barry Brown Ltd,Barry Brown Ltd,5 out of 5,,"172 Orrell Road, Orrell, Wigan, Lancashire, WN5 8HQ",www.barrybrown.co.uk,(01942) 919146,https://www.autotrader.co.uk/dealers/barry-brown-ltd-14149?channel=cars
EP17 Ltd,EP17 Ltd,5 out of 5,"Viewings by appointment only, £200 Refundable Deposit, Privately Sourced Lux Vehicles","4 Upper Aston Hall Lane, Hawarden, Deeside, Clwyd, CH5 3EN",ep17.co.uk,(07441) 906259,https://www.autotrader.co.uk/dealers/ep17-ltd-10039915?channel=cars
Parbold Prestige,Parbold Prestige,5 out of 5,,"3 Station Road, Parbold, Wigan, Lancashire, WN8 7NU",www.parboldprestige.co.uk,(01942) 566219,https://www.autotrader.co.uk/dealers/parbold-prestige-10041177?channel=cars
Evans Halshaw Hyundai Warrington,Evans Halshaw Hyundai Warrington,4.7 out of 5,"Flexible Finance Available, Reserve a Car for just £99, Great Quality Cars","Apollo Park, Westbrook, Warrington, Warrington, WA5 7YA",www.evanshalshaw.com,(01925) 903980,https://www.autotrader.co.uk/dealers/evans-halshaw-hyundai-warrington-10035196?channel=cars
Vauxhall Chester,Vauxhall Chester,5 out of 5,"Click and Collect Available, Home Delivery Available, Finance options Available","302 Sealand Road, , Chester, Cheshire, CH1 4LQ",www.lookers.co.uk,(01244) 988845,https://www.autotrader.co.uk/dealers/vauxhall-chester-75861?channel=cars
Nissan Chester,Nissan Chester,5 out of 5,"Click and Collect Available, Home Delivery Available, Finance Options Available","302 Sealand Road, , Chester, Cheshire, CH1 4LQ",www.lookers.co.uk,(01244) 988920,https://www.autotrader.co.uk/dealers/nissan-chester-344159?channel=cars
Kia Chester,Kia Chester,4.3 out of 5,"Click & Collect Available, Home Delivery Available, Finance Options Available","SEALAND ROAD, , Chester, Cheshire, CH1 4LQ",www.lookers.co.uk,(0161) 506 1241,https://www.autotrader.co.uk/dealers/kia-chester-10027638?channel=cars
Renault Chester,Renault Chester,4 out of 5,"Click and Collect Available, Home Delivery Available, Finance Options Available","302 Sealand Road, , Chester, Cheshire, CH1 4LQ",www.lookers.co.uk,(01244) 988922,https://www.autotrader.co.uk/dealers/renault-chester-11983?channel=cars
Group 1 Volkswagen Chester,Group 1 Volkswagen Chester,3.7 out of 5,"Manufacturer Approved Dealer , Price checked to market, Aftersales facilities ","Sealand Road, , Chester, Cheshire, CH1 4LQ",www.group1auto.co.uk,(01244) 725453,https://www.autotrader.co.uk/dealers/group-1-volkswagen-chester-4398?channel=cars
Dacia Chester,Dacia Chester,No recent reviews,"Click and Collect Available, Home Delivery Available, Finance Options Available","302 Sealand Road, , Chester, Cheshire, CH1 4LQ",www.lookers.co.uk,(01244) 988918,https://www.autotrader.co.uk/dealers/dacia-chester-696535?channel=cars
Volvo Cars Chester,Volvo Cars Chester,2.8 out of 5,"The UK's Leading Retailer, Click & Collect","Sovereign Way, Sealand Rd, , Chester, , CH1 4PH",www.sytner.co.uk,(01244) 988205,https://www.autotrader.co.uk/dealers/volvo-cars-chester-10039581?channel=cars
WIGAN VEHICLE SOLUTIONS LIMITED,WIGAN VEHICLE SOLUTIONS LIMITED,4.8 out of 5,,"Unit 3, Alpha Business Park, Leopold Street, Pemberton, Lancashire, WN5 8EG",www.wiganvehiclesolutions.co.uk,(01942) 566054,https://www.autotrader.co.uk/dealers/wigan-vehicle-solutions-limited-10036288?channel=cars
Merseyside Van Sales Ltd,Merseyside Van Sales Ltd,5 out of 5,"FCA Approved, IMDA Member, Free Warranty with Every Van","580, Haydock Cross Industrial Estate, Kilbuck Lane, Haydock, St. Helens, Merseyside, WA11 9UX",www.merseysidevansales.co.uk,(0151) 382 2209,https://www.autotrader.co.uk/dealers/merseyside-van-sales-ltd-10037427?channel=cars
Warrington Audi,Warrington Audi,3.4 out of 5,"Franchised Audi Dealer,  95% Of Customers Recommend Us, Exceptional Audi Aftercare","Charon Way, Gemini Retail Park, Westbrook, Warrington, Cheshire, WA5 7YD",www.stratstone.com,(01925) 697689,https://www.autotrader.co.uk/dealers/warrington-audi-11275?channel=cars
Swansway Peugeot Chester,Swansway Peugeot Chester,4.7 out of 5," Used Car Dealer Awards winner, For just £49,  Family owned since 2010","Sealand Road, , Chester, Cheshire, CH1 4LS",www.swanswaygarages.com,(01244) 725646,https://www.autotrader.co.uk/dealers/swansway-peugeot-chester-332123?channel=cars
Halliwell Jones Chester BMW,Halliwell Jones Chester BMW,4.2 out of 5," Family owned business, Over 600 cars in group stock, Reserve online for £99","Sealand Road, , Chester, Cheshire, CH1 4LS",www.halliwelljones.co.uk,(01244) 725469,https://www.autotrader.co.uk/dealers/halliwell-jones-chester-bmw-4502?channel=cars
Chester Car Supermarket Ltd,Chester Car Supermarket Ltd,4.7 out of 5," Family values, Great rates of finance , Part-ex welcome","Stadium Garage, Sealand Road, Chester, Cheshire, CH1 4LD",www.chestercarsupermarket.com,(01244) 988006,https://www.autotrader.co.uk/dealers/chester-car-supermarket-ltd-126334?channel=cars
Evans Halshaw Ford Chester,Evans Halshaw Ford Chester,4.4 out of 5,"Flexible Finance Available, Competitve price for your car, Reserve a Car for just £99","Sovereign Way, , Chester, Cheshire, CH1 4QJ",www.evanshalshaw.com,(01244) 988811,https://www.autotrader.co.uk/dealers/evans-halshaw-ford-chester-5434?channel=cars
D A Car and Commercial Ltd,D A Car and Commercial Ltd,4.8 out of 5,"AA Approved Dealer , Finance Specialist, Warranty on ever Vehicle ","DA CAR AND COMMERCIAL SHOWROOM Soughers Lane, Ashton-In-Makerfield, Wigan, Lancashire, WN4 0JX",www.dacarandcommercial.co.uk,(07588) 710654,https://www.autotrader.co.uk/dealers/d-a-car-and-commercial-ltd-10019195?channel=cars
Group 1 Land Rover Chester,Group 1 Land Rover Chester,4.6 out of 5,"Manufacturer Approved Dealer, Price checked to market, Aftersales facilities","Sealand Road, , Chester, Cheshire, CH1 4LD",www.group1auto.co.uk,(01244) 988931,https://www.autotrader.co.uk/dealers/group-1-land-rover-chester-11261?channel=cars
BYD Chester,BYD Chester,4.9 out of 5," Test drive the electric range,  Part of Swansway Motor Group","Bumpers Lane, Sealand Industrial Estate, Chester, Cheshire, CH1 4LT",www.swanswaygarages.com,(01270) 397751,https://www.autotrader.co.uk/dealers/byd-chester-10040642?channel=cars
Graham Walker Ltd,Graham Walker Ltd,4.9 out of 5,,"28 Bumpers Lane, Sealand Ind Est Nr Chester Football Grd, Chester, Cheshire, CH1 4LT",www.grahamwalkerltd.co.uk,(01244) 725209,https://www.autotrader.co.uk/dealers/graham-walker-ltd-10697?channel=cars
Motor Match Chester,Motor Match Chester,4.6 out of 5," Part of Swansway Motor Group, Sourced from franchise dealers","BUMPERS LANE, SEALAND INDUSTRIAL ESTATE, Chester, Cheshire, CH1 4LT",www.motormatch.com,(01244) 988772,https://www.autotrader.co.uk/dealers/motor-match-chester-10020633?channel=cars
Group 1 Jaguar Chester,Group 1 Jaguar Chester,5 out of 5,"Manufacturer Approved Dealer, Price checked to market, Aftersales facilities","Unit 1 Chester Trade Park Bumbers Lane, Sealand Industrial Estate, Chester, Cheshire, CH1 4LT",www.group1auto.co.uk,(01244) 725485,https://www.autotrader.co.uk/dealers/group-1-jaguar-chester-2760113?channel=cars
Halliwell Jones Deva Ltd,Halliwell Jones Deva Ltd,4.7 out of 5,,"Unit 1, Chelford Close, Sealand Industrial Estate, Chester, Cheshire, CH1 4NE",www.halliwelljones.co.uk,(01244) 360041,https://www.autotrader.co.uk/dealers/halliwell-jones-deva-ltd-10039118?channel=cars
SGP Motors Ltd,SGP Motors Ltd,5 out of 5,,"Travellers Inn, Pen Y Cefn, Caerwys, Mold, Clwyd, CH7 5BL",www.sgpmotors.co.uk,(07537) 123266,https://www.autotrader.co.uk/dealers/sgp-motors-ltd-10021929?channel=cars
Buckley Trade Centre,Buckley Trade Centre,No recent reviews,"Finance Specialist , AA Dealer Standards Approved ,  With Over 35yrs Experience","MAIN ROAD, SYCHDYN, Mold, Clwyd, CH7 6EA",www.buckleytradecentre.co.uk,(01352) 376032,https://www.autotrader.co.uk/dealers/buckley-trade-centre-10010187?channel=cars
DCS Auto,DCS Auto,5 out of 5,"We use Car Care Plan Warranty, We are FCA Authorised, 12 Months Included","Unit 1 LINK 25 BUSINESS PARK, WIGAN ROAD, ASHTON-IN-MAKERFIELD, Wigan, Lancashire, WN4 0DA",www.dcsauto.co.uk,(01942) 919150,https://www.autotrader.co.uk/dealers/dcs-auto-10025021?channel=cars
VR (EPS) Warrington Ltd,VR (EPS) Warrington Ltd,4.8 out of 5,"Order online from our website, Delivery times to suit you,  Autotrader Highly Rated 2024","Unit 12 Gemini Trade Park, Europa Boulevard, Warrington, Cheshire, WA5 7YF",www.vr-eps.com,(01925) 903110,https://www.autotrader.co.uk/dealers/vr-(eps)-warrington-ltd-638935?channel=cars
Arnold Clark Warrington Motorstore / Vanstore,Arnold Clark Warrington Motorstore / Vanstore,4.9 out of 5,"Reserve your vehicle online, Click & Collect close to you, Live video appointments","860 Europa Boulevard, Westbrook, Warrington, Lancashire, WA5 7TT",www.arnoldclark.com,(01925) 916735,https://www.autotrader.co.uk/dealers/arnold-clark-warrington-motorstore-/-vanstore-123430?channel=cars
J M Motors,J M Motors,5 out of 5,,"166 Hawarden Industrial Park, MANOR LANE, HAWARDEN, Deeside, Clwyd, CH5 3PP",www.jmmotorshawarden.co.uk,(01244) 725448,https://www.autotrader.co.uk/dealers/j-m-motors-425?channel=cars
BDS Automotive LTD,BDS Automotive LTD,5 out of 5," 5* RATED AWARD WINNING DEALER, FREE FULLY COMP WARRANTY! , OUT OF HOURS APPOINTMENTS!","Cranberry Lodge Garage, Wigan Road, Ashton-In-Makerfield, Wigan, Lancashire, WN4 0BZ",www.bdsautomotive.co.uk,(01942) 919301,https://www.autotrader.co.uk/dealers/bds-automotive-ltd-10018728?channel=cars
Paul Hart Cars,Paul Hart Cars,5 out of 5,,"375 Old Liverpool Road, Sankey Bridges, Warrington, Cheshire, WA5 1EB",www.paul-hartcars.co.uk,(01925) 916665,https://www.autotrader.co.uk/dealers/paul-hart-cars-26214?channel=cars
Alpha Motors,Alpha Motors,4.9 out of 5,"Service Department, Click and Collect,  40 Year Family Owned Business","Path Lane Garage, Warrington Road, Wigan, Lancashire, WN3 6XB",www.alphamotors.co.uk,(01942) 919478,https://www.autotrader.co.uk/dealers/alpha-motors-8035?channel=cars
MB Warrington,MB Warrington,5 out of 5," Mercedes Benz Specialists, Established 2006,  Friend & Family owned","561 Europa Boulevard, Westbrook, Warrington, Lancashire, WA5 7TP",,(01925) 697325,https://www.autotrader.co.uk/dealers/mb-warrington-10044456?channel=cars
NEXTGEAR MOTORS,NEXTGEAR MOTORS,5 out of 5," Family owned business ,  Highly rated customer service , Low finance packages ","Unit 15-16, Kingfisher Court, South Lancashire Industrial Estate, Ashton-In-Makerfield, Wigan, Lancashire, WN4 9DW",www.nextgearmotorsltd.co.uk,(07418) 690437,https://www.autotrader.co.uk/dealers/nextgear-motors-10043977?channel=cars
RC Autocare Ltd,RC Autocare Ltd,5 out of 5,,"BELLHOUSE LANE, HIGHER WALTON, Warrington, Cheshire, WA4 6TR",www.rcautocareltd.co.uk,(07480) 731582,https://www.autotrader.co.uk/dealers/rc-autocare-ltd-10012727?channel=cars
HL Automotive UK Ltd,HL Automotive UK Ltd,5 out of 5,,"Bellhouse Lane, Higher Walton, Warrington, Cheshire, WA4 6TR",www.hlautomotive.co.uk,(01925) 916704,https://www.autotrader.co.uk/dealers/hl-automotive-uk-ltd-490418?channel=cars
S M R Motors Ltd,S M R Motors Ltd,5 out of 5,,"292 Old Liverpool Road, , Warrington, Lancashire, WA5 1DP",www.smrmotors.co.uk,(07457) 401226,https://www.autotrader.co.uk/dealers/s-m-r-motors-ltd-749179?channel=cars
Southport Motor Company,Southport Motor Company,5 out of 5,"Healthcheck report included, We offer finance packages,  Established over 15 years ","Rear of 148, , Southport, Merseyside, PR9 7LW",www.southportmotorcompany.co.uk,(07588) 823516,https://www.autotrader.co.uk/dealers/southport-motor-company-138702?channel=cars
MW Performance Limited,MW Performance Limited,5 out of 5,,"RIVERSIDE TRADE PARK RIVER LANE, SALTNEY, Chester, , CH4 8RL",mwperformance.co.uk,(01244) 988433,https://www.autotrader.co.uk/dealers/mw-performance-limited-10017072?channel=cars
AGM Motor Company,AGM Motor Company,5 out of 5,,"82 Old Liverpool Road, , Warrington, Lancashire, WA5 1BU",agmmotorcompany.co.uk,(07537) 164775,https://www.autotrader.co.uk/dealers/agm-motor-company-10042295?channel=cars
Ben Wild Motors,Ben Wild Motors,5 out of 5," EXCEPTIONAL & OUTSTANDING , ALL MAJOR LENDERS,  20 PLUS YEARS","MAINWARING DRIVE, SALTNEY FERRY, Chester, Flintshire, CH4 0AY",www.benwildmotors.co.uk,(01244) 988390,https://www.autotrader.co.uk/dealers/ben-wild-motors-10002494?channel=cars
Sm Auto Sales & Services,Sm Auto Sales & Services,No recent reviews,,"The Cross Roads, , New Brighton, Nr Mould, CH7 6QQ",smautosalesandservices.co.uk,(01352) 376771,https://www.autotrader.co.uk/dealers/sm-auto-sales-&-services-755789?channel=cars
Ideal Motor Co,Ideal Motor Co,5 out of 5," WITH OVER 15 YEARS EXPERINCE ,  READ OUR GOOGLE REVIEWS!!! , WE OFFER LOW RATE FINANCE ","PARK GARAGE VICTORIA STREET, , Wigan, Lancashire, WN5 9BX",www.idealmotorco.co.uk,(07427) 467431,https://www.autotrader.co.uk/dealers/ideal-motor-co-562580?channel=cars
Aspire Car Sales,Aspire Car Sales,5 out of 5,,"Mill Lane, Winwick, Warrington, Lancashire, WA2 8RL",www.aspirecarsales.co.uk,(01925) 903036,https://www.autotrader.co.uk/dealers/aspire-car-sales-10010304?channel=cars
Revitupuk.Com,Revitupuk.Com,3.7 out of 5," Established 2001, Finance Available, Warranty Options","Unit 1, Antelope Industrial Estate, Rhydymwyn, Mold, Clwyd, CH7 5JH",www.revitupuk.com,(07822) 001498,https://www.autotrader.co.uk/dealers/revitupuk.com-10029917?channel=cars
Evans Halshaw Vauxhall Wigan,Evans Halshaw Vauxhall Wigan,4.4 out of 5,"Flexible Finance Available, More Cash for your Car, Reserve a Car for just £99","Challenge Way, Martland Park, Wigan, Lancashire, WN5 0LD",www.evanshalshaw.com,(01942) 919798,https://www.autotrader.co.uk/dealers/evans-halshaw-vauxhall-wigan-102387?channel=cars
Johnsons Skoda Wigan,Johnsons Skoda Wigan,4.8 out of 5,"ALL CARS ARE FULLY HPI CLEAR, APPROVED USED SKODA DEALERSHIP, CLICK AND COLLECT AVAILABLE","Challenge Way, Martland Park, Wigan, Lancashire, WN5 0LD",www.johnsonscars.co.uk,(01942) 919501,https://www.autotrader.co.uk/dealers/johnsons-skoda-wigan-10014542?channel=cars
Vertu Ford Wigan,Vertu Ford Wigan,4.9 out of 5,"Ford Main Retailer,  Dedicated Vehicle Specialists,  Test Drives Available","Challenge Way, Martland Park, Wigan, Lancashire, WN5 0LD",www.Vertumotors.com,(01942) 919772,https://www.autotrader.co.uk/dealers/vertu-ford-wigan-2479609?channel=cars
Johnsons Seat Wigan,Johnsons Seat Wigan,4.9 out of 5,"APPROVED SEAT USED CAR DEALER, OVER 4000 CARS IN GROUP STOCK,  OVER 22 YEARS IN BUSINESS","Challenge Way, Martland Park, Wigan, Lancashire, WN5 0LD",www.johnsonscars.co.uk,(01942) 919466,https://www.autotrader.co.uk/dealers/johnsons-seat-wigan-10014541?channel=cars
HW Moon,HW Moon,No recent reviews,"Main Toyota dealer ,  Ichiban award winners,  Over 60 Years family owned","Challenge Way, Martland Park,, Wigan, Lancs, WN5 0LD",www.hwmoon.toyota.co.uk,(01942) 566695,https://www.autotrader.co.uk/dealers/hw-moon-47658?channel=cars
Johnsons Honda Wigan,Johnsons Honda Wigan,4.6 out of 5,"Honda Approved Dealer,  Johnsons Cars Since 1999,  Excellent Customer Service ","Challenge Way, Martland Park, Wigan, Lancashire, WN5 0LD",www.johnsonscars.co.uk,(01942) 919378,https://www.autotrader.co.uk/dealers/johnsons-honda-wigan-10030053?channel=cars
Broughton Motor Company,Broughton Motor Company,5 out of 5,,"Broughton Hall Road, BROUGHTON, Chester, Flintshire, CH4 0DR",www.broughtonmotorcompany.co.uk,(01244) 888423,https://www.autotrader.co.uk/dealers/broughton-motor-company-13500?channel=cars
Evans Halshaw Ford Bretton,Evans Halshaw Ford Bretton,4.5 out of 5,"Flexible Finance Available, More Cash for your Car, Reserve a Car for just £99","Chester Road, Bretton, Chester, Cheshire, CH4 0DS",www.evanshalshaw.com,(01244) 988810,https://www.autotrader.co.uk/dealers/evans-halshaw-ford-bretton-6050?channel=cars
Mazda Warrington,Mazda Warrington,4.7 out of 5," Mazda dealer since 1969, Mazda Approved Used Cars ","Bewsey Road, , Warrington, Cheshire, WA5 0JX",www.imgselect.com,(01925) 916673,https://www.autotrader.co.uk/dealers/mazda-warrington-10012517?channel=cars
IMG Select,IMG Select,5 out of 5,"GREAT CUSTOMER RATING  ,  A REAL FAMILY OWNED BUSINESS,  THE NICEST STAFF IN TOWN ","Bewsey Road, , Warrington, Chehsire, WA5 0JX",www.imgselect.com,(01925) 903978,https://www.autotrader.co.uk/dealers/img-select-583828?channel=cars
MG Warrington,MG Warrington,4.7 out of 5,"Click and collect available , Full safety check/preparation, Minimum 3 month warranty","Guardian Street, , Warrington, Lancashire, WA5 1GG",www.holdcroft.com,(01925) 697174,https://www.autotrader.co.uk/dealers/mg-warrington-10029259?channel=cars
Warrington Honda,Warrington Honda,4.9 out of 5,"Click and collect available , Full safety check/preparation, Minimum 3 month warranty","GUARDIAN STREET, , Warrington, Lancashire, WA5 1GG",www.holdcroft.com,(01925) 903960,https://www.autotrader.co.uk/dealers/warrington-honda-1587094?channel=cars
Johnsons Volkswagen Warrington,Johnsons Volkswagen Warrington,4.8 out of 5,"Volkswagen Approved, Digital Appointments Available, Covid Safe Click and Collect","MILNER STREET, , Warrington, Lancashire, WA5 1AD",www.johnsonscars.co.uk,(01925) 903221,https://www.autotrader.co.uk/dealers/johnsons-volkswagen-warrington-10021699?channel=cars
